date,security_return,benchmark_return
2025-01-02,-0.002100000000,-0.002800000000
2025-01-03,-0.002135000000,-0.002100000000
2025-01-06,-0.001930000000,-0.001400000000
2025-01-07,-0.001485000000,-0.000700000000
2025-01-08,-0.000800000000,0.000000000000
2025-01-09,0.000125000000,0.000700000000
2025-01-10,0.001290000000,0.001400000000
2025-01-13,0.002695000000,0.002100000000
2025-01-14,0.004340000000,0.002800000000
2025-01-15,0.006225000000,0.003500000000
2025-01-16,-0.001825000000,-0.003500000000
2025-01-17,-0.002100000000,-0.002800000000
2025-01-20,-0.002135000000,-0.002100000000
2025-01-21,-0.001930000000,-0.001400000000
2025-01-22,-0.001485000000,-0.000700000000
2025-01-23,-0.000800000000,0.000000000000
2025-01-24,0.000125000000,0.000700000000
2025-01-27,0.001290000000,0.001400000000
2025-01-28,0.002695000000,0.002100000000
2025-01-29,0.004340000000,0.002800000000
2025-01-30,0.006225000000,0.003500000000
2025-01-31,-0.001825000000,-0.003500000000
2025-02-03,-0.002100000000,-0.002800000000
2025-02-04,-0.002135000000,-0.002100000000
2025-02-05,-0.001930000000,-0.001400000000
2025-02-06,-0.001485000000,-0.000700000000
2025-02-07,-0.000800000000,0.000000000000
2025-02-10,0.000125000000,0.000700000000
2025-02-11,0.001290000000,0.001400000000
2025-02-12,0.002695000000,0.002100000000
2025-02-13,0.004340000000,0.002800000000
2025-02-14,0.006225000000,0.003500000000
2025-02-17,-0.001825000000,-0.003500000000
2025-02-18,-0.002100000000,-0.002800000000
2025-02-19,-0.002135000000,-0.002100000000
2025-02-20,-0.001930000000,-0.001400000000
2025-02-21,-0.001485000000,-0.000700000000
2025-02-24,-0.000800000000,0.000000000000
2025-02-25,0.000125000000,0.000700000000
2025-02-26,0.001290000000,0.001400000000
2025-02-27,0.002695000000,0.002100000000
2025-02-28,0.004340000000,0.002800000000
2025-03-03,0.006225000000,0.003500000000
2025-03-04,-0.001825000000,-0.003500000000
2025-03-05,-0.002100000000,-0.002800000000
2025-03-06,-0.002135000000,-0.002100000000
2025-03-07,-0.001930000000,-0.001400000000
2025-03-10,-0.001485000000,-0.000700000000
2025-03-11,-0.000800000000,0.000000000000
2025-03-12,0.000125000000,0.000700000000
2025-03-13,0.001290000000,0.001400000000
2025-03-14,0.002695000000,0.002100000000
2025-03-17,0.004340000000,0.002800000000
2025-03-18,0.006225000000,0.003500000000
2025-03-19,-0.001825000000,-0.003500000000
2025-03-20,-0.002100000000,-0.002800000000
2025-03-21,-0.002135000000,-0.002100000000
2025-03-24,-0.001930000000,-0.001400000000
2025-03-25,-0.001485000000,-0.000700000000
2025-03-26,-0.000800000000,0.000000000000
2025-03-27,0.000125000000,0.000700000000
2025-03-28,0.001290000000,0.001400000000
2025-03-31,0.002695000000,0.002100000000
2025-04-01,0.004340000000,0.002800000000
2025-04-02,0.006225000000,0.003500000000
2025-04-03,-0.001825000000,-0.003500000000
2025-04-04,-0.002100000000,-0.002800000000
2025-04-07,-0.002135000000,-0.002100000000
2025-04-08,-0.001930000000,-0.001400000000
2025-04-09,-0.001485000000,-0.000700000000
2025-04-10,-0.000800000000,0.000000000000
2025-04-11,0.000125000000,0.000700000000
2025-04-14,0.001290000000,0.001400000000
2025-04-15,0.002695000000,0.002100000000
2025-04-16,0.004340000000,0.002800000000
2025-04-17,0.006225000000,0.003500000000
2025-04-18,-0.001825000000,-0.003500000000
2025-04-21,-0.002100000000,-0.002800000000
2025-04-22,-0.002135000000,-0.002100000000
2025-04-23,-0.001930000000,-0.001400000000
2025-04-24,-0.001485000000,-0.000700000000
2025-04-25,-0.000800000000,0.000000000000
2025-04-28,0.000125000000,0.000700000000
2025-04-29,0.001290000000,0.001400000000
2025-04-30,0.002695000000,0.002100000000
2025-05-01,0.004340000000,0.002800000000
2025-05-02,0.006225000000,0.003500000000
2025-05-05,-0.001825000000,-0.003500000000
2025-05-06,-0.002100000000,-0.002800000000
2025-05-07,-0.002135000000,-0.002100000000
2025-05-08,-0.001930000000,-0.001400000000
2025-05-09,-0.001485000000,-0.000700000000
2025-05-12,-0.000800000000,0.000000000000
2025-05-13,0.000125000000,0.000700000000
2025-05-14,0.001290000000,0.001400000000
2025-05-15,0.002695000000,0.002100000000
2025-05-16,0.004340000000,0.002800000000
2025-05-19,0.006225000000,0.003500000000
2025-05-20,-0.001825000000,-0.003500000000
2025-05-21,-0.002100000000,-0.002800000000
2025-05-22,-0.002135000000,-0.002100000000
2025-05-23,-0.001930000000,-0.001400000000
2025-05-26,-0.001485000000,-0.000700000000
2025-05-27,-0.000800000000,0.000000000000
2025-05-28,0.000125000000,0.000700000000
2025-05-29,0.001290000000,0.001400000000
2025-05-30,0.002695000000,0.002100000000
2025-06-02,0.004340000000,0.002800000000
2025-06-03,0.006225000000,0.003500000000
2025-06-04,-0.001825000000,-0.003500000000
2025-06-05,-0.002100000000,-0.002800000000
2025-06-06,-0.002135000000,-0.002100000000
2025-06-09,-0.001930000000,-0.001400000000
2025-06-10,-0.001485000000,-0.000700000000
2025-06-11,-0.000800000000,0.000000000000
2025-06-12,0.000125000000,0.000700000000
2025-06-13,0.001290000000,0.001400000000
2025-06-16,0.002695000000,0.002100000000
2025-06-17,0.004340000000,0.002800000000
2025-06-18,0.006225000000,0.003500000000
2025-06-19,-0.001825000000,-0.003500000000
2025-06-20,-0.002100000000,-0.002800000000
2025-06-23,-0.002135000000,-0.002100000000
2025-06-24,-0.001930000000,-0.001400000000
2025-06-25,-0.001485000000,-0.000700000000
2025-06-26,-0.000800000000,0.000000000000
2025-06-27,0.000125000000,0.000700000000
2025-06-30,0.001290000000,0.001400000000
2025-07-01,0.002695000000,0.002100000000
2025-07-02,0.004340000000,0.002800000000
2025-07-03,0.006225000000,0.003500000000
2025-07-04,-0.001825000000,-0.003500000000
2025-07-07,-0.002100000000,-0.002800000000
2025-07-08,-0.002135000000,-0.002100000000
2025-07-09,-0.001930000000,-0.001400000000
2025-07-10,-0.001485000000,-0.000700000000
2025-07-11,-0.000800000000,0.000000000000
2025-07-14,0.000125000000,0.000700000000
2025-07-15,0.001290000000,0.001400000000
2025-07-16,0.002695000000,0.002100000000
2025-07-17,0.004340000000,0.002800000000
2025-07-18,0.006225000000,0.003500000000
2025-07-21,-0.001825000000,-0.003500000000
2025-07-22,-0.002100000000,-0.002800000000
2025-07-23,-0.002135000000,-0.002100000000
2025-07-24,-0.001930000000,-0.001400000000
2025-07-25,-0.001485000000,-0.000700000000
2025-07-28,-0.000800000000,0.000000000000
2025-07-29,0.000125000000,0.000700000000
2025-07-30,0.012010000000,0.001400000000
2025-07-31,0.032815000000,0.002100000000
2025-08-01,-0.006380000000,0.002800000000
2025-08-04,0.006225000000,0.003500000000
2025-08-05,-0.001825000000,-0.003500000000
2025-08-06,-0.002100000000,-0.002800000000
2025-08-07,-0.002135000000,-0.002100000000
2025-08-08,-0.001930000000,-0.001400000000
2025-08-11,-0.001485000000,-0.000700000000
2025-08-12,-0.000800000000,0.000000000000
2025-08-13,0.000125000000,0.000700000000
2025-08-14,0.001290000000,0.001400000000
2025-08-15,0.002695000000,0.002100000000
2025-08-18,0.004340000000,0.002800000000
2025-08-19,0.006225000000,0.003500000000
2025-08-20,-0.001825000000,-0.003500000000
2025-08-21,-0.002100000000,-0.002800000000
2025-08-22,-0.002135000000,-0.002100000000
2025-08-25,-0.001930000000,-0.001400000000
2025-08-26,-0.001485000000,-0.000700000000
2025-08-27,-0.000800000000,0.000000000000
2025-08-28,0.000125000000,0.000700000000
2025-08-29,0.001290000000,0.001400000000
2025-09-01,0.002695000000,0.002100000000
2025-09-02,0.004340000000,0.002800000000
2025-09-03,0.006225000000,0.003500000000
2025-09-04,-0.001825000000,-0.003500000000
2025-09-05,-0.002100000000,-0.002800000000
2025-09-08,-0.002135000000,-0.002100000000
2025-09-09,-0.001930000000,-0.001400000000
2025-09-10,-0.001485000000,-0.000700000000
